UserID,Name,Email,SignupDate
1,User_1,user1@example.com,2022-01-01
2,User_2,user2@example.com,2022-01-02
3,User_3,user3@example.com,2022-01-03
4,User_4,user4@example.com,2022-01-04
5,User_5,user5@example.com,2022-01-05
6,User_6,user6@example.com,2022-01-06
7,User_7,user7@example.com,2022-01-07
8,User_8,user8@example.com,2022-01-08
9,User_9,user9@example.com,2022-01-09
10,User_10,user10@example.com,2022-01-10
11,User_11,user11@example.com,2022-01-11
12,User_12,user12@example.com,2022-01-12
13,User_13,user13@example.com,2022-01-13
14,User_14,user14@example.com,2022-01-14
15,User_15,user15@example.com,2022-01-15
16,User_16,user16@example.com,2022-01-16
17,User_17,user17@example.com,2022-01-17
18,User_18,user18@example.com,2022-01-18
19,User_19,user19@example.com,2022-01-19
20,User_20,user20@example.com,2022-01-20
21,User_21,user21@example.com,2022-01-21
22,User_22,user22@example.com,2022-01-22
23,User_23,user23@example.com,2022-01-23
24,User_24,user24@example.com,2022-01-24
25,User_25,user25@example.com,2022-01-25
26,User_26,user26@example.com,2022-01-26
27,User_27,user27@example.com,2022-01-27
28,User_28,user28@example.com,2022-01-28
29,User_29,user29@example.com,2022-01-29
30,User_30,user30@example.com,2022-01-30
31,User_31,user31@example.com,2022-01-31
32,User_32,user32@example.com,2022-02-01
33,User_33,user33@example.com,2022-02-02
34,User_34,user34@example.com,2022-02-03
35,User_35,user35@example.com,2022-02-04
36,User_36,user36@example.com,2022-02-05
37,User_37,user37@example.com,2022-02-06
38,User_38,user38@example.com,2022-02-07
39,User_39,user39@example.com,2022-02-08
40,User_40,user40@example.com,2022-02-09
41,User_41,user41@example.com,2022-02-10
42,User_42,user42@example.com,2022-02-11
43,User_43,user43@example.com,2022-02-12
44,User_44,user44@example.com,2022-02-13
45,User_45,user45@example.com,2022-02-14
46,User_46,user46@example.com,2022-02-15
47,User_47,user47@example.com,2022-02-16
48,User_48,user48@example.com,2022-02-17
49,User_49,user49@example.com,2022-02-18
50,User_50,user50@example.com,2022-02-19
